{
  "directory": [

  ],
  "sql_file": "",
  "files": [
    {
        "root_directory"    : "update/update_1.3/controllers/Admin.php",
        "update_directory"  : "application/controllers/Admin.php"
    },
    {
        "root_directory"    : "update/update_1.3/controllers/Home.php",
        "update_directory"  : "application/controllers/Home.php"
    },
    {
        "root_directory"    : "update/update_1.3/controllers/Login.php",
        "update_directory"  : "application/controllers/Login.php"
    },
    {
        "root_directory"    : "update/update_1.3/models/Crud_model.php",
        "update_directory"  : "application/models/Crud_model.php"
    },
    {
        "root_directory"    : "update/update_1.3/models/Email_model.php",
        "update_directory"  : "application/models/Email_model.php"
    },
    {
        "root_directory"    : "update/update_1.3/models/User_model.php",
        "update_directory"  : "application/models/User_model.php"
    },
    {
        "root_directory"    : "update/update_1.3/views/backend/course_add.php",
        "update_directory"  : "application/views/backend/admin/course_add.php"
    },
    {
        "root_directory"    : "update/update_1.3/views/backend/course_edit.php",
        "update_directory"  : "application/views/backend/admin/course_edit.php"
    },
    {
        "root_directory"    : "update/update_1.3/views/backend/enroll_student.php",
        "update_directory"  : "application/views/backend/admin/enroll_student.php"
    },
    {
        "root_directory"    : "update/update_1.3/views/backend/instructor_settings.php",
        "update_directory"  : "application/views/backend/admin/instructor_settings.php"
    },
    {
        "root_directory"    : "update/update_1.3/views/backend/manage_language.php",
        "update_directory"  : "application/views/backend/admin/manage_language.php"
    },
    {
        "root_directory"    : "update/update_1.3/views/backend/navigation.php",
        "update_directory"  : "application/views/backend/admin/navigation.php"
    },
    {
        "root_directory"    : "update/update_1.3/views/backend/smtp_settings.php",
        "update_directory"  : "application/views/backend/admin/smtp_settings.php"
    },
    {
        "root_directory"    : "update/update_1.3/views/frontend/all_category_page.php",
        "update_directory"  : "application/views/frontend/default/all_category_page.php"
    },
    {
        "root_directory"    : "update/update_1.3/views/frontend/category_page.php",
        "update_directory"  : "application/views/frontend/default/category_page.php"
    },
    {
        "root_directory"    : "update/update_1.3/views/frontend/course_page.php",
        "update_directory"  : "application/views/frontend/default/course_page.php"
    },
    {
        "root_directory"    : "update/update_1.3/views/frontend/course_search_page.php",
        "update_directory"  : "application/views/frontend/default/course_search_page.php"
    },
    {
        "root_directory"    : "update/update_1.3/views/frontend/create_course.php",
        "update_directory"  : "application/views/frontend/default/create_course.php"
    },
    {
        "root_directory"    : "update/update_1.3/views/frontend/edit_course.php",
        "update_directory"  : "application/views/frontend/default/edit_course.php"
    },
    {
        "root_directory"    : "update/update_1.3/views/frontend/home.php",
        "update_directory"  : "application/views/frontend/default/home.php"
    },
    {
        "root_directory"    : "update/update_1.3/views/frontend/cart_items.php",
        "update_directory"  : "application/views/frontend/default/cart_items.php"
    },
    {
        "root_directory"    : "update/update_1.3/views/frontend/my_course_details.php",
        "update_directory"  : "application/views/frontend/default/my_course_details.php"
    },
    {
        "root_directory"    : "update/update_1.3/assets/css/neon-core.css",
        "update_directory"  : "assets/backend/css/neon-core.css"
    }
  ]
}
